{
  "id": "839b81cc-4474-470b-bc0a-c6f42574c1a3",
  "name": "Movies",
  "isOverridable": true,
  "entries": [
    {
      "value": "Se7en",
      "synonyms": [
        "Se7en"
      ]
    },
    {
      "value": "The Founder",
      "synonyms": [
        "The Founder"
      ]
    },
    {
      "value": "Wolf of Wall Street",
      "synonyms": [
        "Wolf of Wall Street"
      ]
    },
    {
      "value": "Shawshank Redemption",
      "synonyms": [
        "Shawshank Redemption"
      ]
    },
    {
      "value": "Pulp Fiction",
      "synonyms": [
        "Pulp Fiction"
      ]
    }
  ],
  "isEnum": false,
  "automatedExpansion": true
}